playerName,sport,title,year,manufacturer,cardNumber,series,rookie,goodConditionValue,perfectConditionValue,serialNumber,quantity,location
Derek Jeter,Baseball,Greensboro Hornets,1993,Fleer ProCards,893,Minor League,true,100,125,,1,Box 1
Derek Jeter,Baseball,Greensboro Hornets,1993,Classic Best,1,Minor League,true,100,450,,1,Box 1
Derek Jeter,Baseball,Columbus Clippers (D.A.R.E. Issue),1995,Columbus Clippers,13,Minor League,false,20,80,,1,Box 1
Derek Jeter,Baseball,Tampa Yankees,1994,Classic,1,Minor League,false,20,80,,1,Box 1
Derek Jeter,Baseball,SAL All-Star,1993,Fleer ProCards,SAL-21,Minor League,true,80,350,,1,Box 1
Derek Jeter,Baseball,FSL All-Star,1994,Fleer ProCards,FSL-22,Minor League,false,50,120,,1,Box 1
Derek Jeter,Baseball,Tampa Yankees,1994,Fleer ProCards,2393,Base Set,false,6,30,,1,Box 1
Derek Jeter,Baseball,League Leaders,1993,Fleer,10,League Leaders,false,10,160,,1,Box 1
Derek Jeter,Baseball,Base,1993,Fleer ProCards,106,Greensboro Hornets,false,10,40,,1,Box 1
Derek Jeter,Baseball,Triple Prospects,1994,Classic Best,,Prospects,false,10,90,,1,Box 1
Derek Jeter,Baseball,1994 Action Packed,1994,Action Packed,43,,false,10,80,,1,Box 1
Derek Jeter,Baseball,1994 Classic,1994,Classic,60,,false,1,25,,1,Box 1
Derek Jeter,Baseball,1994 Bowman's Best Blue Chip,1994,Bowman's Best,BC14,Blue Chip,false,6,120,,1,Box 1
Derek Jeter,Baseball,Next in Line,1994,Upper Deck,F7,Next in Line,false,25,180,1027/2500,1,Box 1
Derek Jeter,Baseball,Top Prospects,1994,Upper Deck,550,Top Prospects,false,4,80,,1,Box 1
Derek Jeter,Baseball,Top Prospects Electric Diamond,1994,Upper Deck,550,Electric Diamond,false,12,150,,1,Box 1
Derek Jeter,Baseball,Future Foundation,1994,Upper Deck,644,Collector's Choice,false,2,40,,2,Box 1
Derek Jeter,Baseball,Future Foundation Silver Signature,1994,Upper Deck,644,Collector's Choice,false,10,40,,2,Box 1
Derek Jeter,Baseball,Greensboro Hornets,1994,Classic Best,83,Minor League,false,4,30,,1,Box 1
Derek Jeter,Baseball,Cream of the Crop,1994,Classic,C17,Cream of the Crop,false,4,35,,1,Box 1
Derek Jeter,Baseball,Base,1994,Ted Williams Card Company,124,,false,4,75,,1,Box 1
Derek Jeter,Baseball,Base,1994,Signature Rookies,35,,false,5,90,,1,Box 1
Derek Jeter,Baseball,Mail-In Promo,1994,Signature Rookies,101,Promo,false,15,200,,1,Box 1
Derek Jeter,Baseball,Base,1994,Bowman,376,,false,6,150,,1,Box 1
Derek Jeter,Baseball,1994 Bowman Derek Jeter,1994,Bowman,633,,true,15,250,,1,Box 1
Derek Jeter,Baseball,Yankees Top Prospects,1994,Upper Deck,185,,false,3,80,,1,Box 1
Derek Jeter,Baseball,Shortstops,1994,Topps,158,Prospects,false,2,40,,2,Box 1
Derek Jeter,Baseball,Minor League Prospects,1994,Ted Williams Card Company,,Prospects,false,3,70,,1,Box 1
Derek Jeter,Baseball,Rookies,1994,Classic Best,R8,Rookies,false,40,125,,1,Box 1
Derek Jeter,Baseball,Star Squad,1994,Signature Rookies,SS3,Star Squad,true,5,25,,1,Box 1
Derek Jeter,Baseball,1995 Bowman Minor League MVPs Gold Derek Jeter,1995,Bowman,MVP1,Minor League MVPs,true,25,150,,1,Box 1
Derek Jeter,Baseball,Larkin/Jeter,1995,Bowman's Best,95,Reflector,false,8,120,,1,Box 1
Derek Jeter,Baseball,Franchise Gem,1995,Action Packed,67,Franchise Gem,false,4,25,,1,Box 1
Derek Jeter,Baseball,Minor League Player of the Year,1995,Action Packed,73,Minor League Player of the Year,false,4,30,,1,Box 1
Derek Jeter,Baseball,Base,1995,Action Packed,10,,false,2,40,,1,Box 1
Derek Jeter,Baseball,Base,1995,Upper Deck,181,,false,4,120,,1,Box 1
Derek Jeter,Baseball,Electric Diamond,1995,Upper Deck,181,Electric Diamond,false,10,300,,1,Box 1
Derek Jeter,Baseball,Spectrum,1995,Signature Rookies,SP1,Spectrum,false,6,45,,1,Box 1
Derek Jeter,Baseball,Prepared,1995,Fleer Emotion,60,Prepared,false,4,25,,1,Box 1
Derek Jeter,Baseball,1995 Upper Deck Predictor Bronze Derek Jeter,1995,Upper Deck,H14,Predictor,false,10,60,,1,Box 1
Derek Jeter,Baseball,1995 Upper Deck Special Edition Reflective Derek Jeter,1995,Upper Deck,,Special Edition,false,3,20,,1,Box 1
Derek Jeter,Baseball,Yankees Top Prospect,1995,Upper Deck,1,Yankees Top Prospect,false,3,15,,1,Box 1
Derek Jeter,Baseball,Yankees Top Prospect - Future Stock,1995,Upper Deck,1,Yankees Top Prospect,true,10,120,,1,Box 1
Derek Jeter,Baseball,Top 10 Prospect,1995,Upper Deck,1,Top 10 Prospects,false,4,18,,1,Box 1
Derek Jeter,Baseball,Rookie Class - Silver Signature,1995,Upper Deck Collector's Choice,RC2,Rookie Class,false,5,60,,1,Box 1
Derek Jeter,Baseball,Rookie Class - Blue Reflector,1995,Upper Deck Collector's Choice,RC2,Rookie Class,false,6,25,,1,Box 1
Derek Jeter,Baseball,Bowman's Best,1995,Bowman's Best,1,Base Set,false,8,120,,1,Box 1
Derek Jeter,Baseball,Fleer Excel,1995,Fleer,97,Base Set,false,3,12,,1,Box 1
Derek Jeter,Baseball,Rookie Roll Call,1995,Pinnacle,2,Rookie Roll Call,false,4,18,,1,Box 1
Derek Jeter,Baseball,Road To The Show,1995,Upper Deck,165,Road To The Show,false,3,14,,1,Box 1
Derek Jeter,Baseball,Crystal Ball,1995,Topps Stadium Club,CB14,Crystal Ball,false,4,40,,1,Box 1
Derek Jeter,Baseball,Golden Prospects,1995,Fleer,7,Golden Prospects,false,4,25,,1,Box 1
Derek Jeter,Baseball,Zenith Edition,1995,Pinnacle,134,,false,5,78,,1,Box 1
Derek Jeter,Baseball,Centerfield Edition,1995,Select,122,Centerfield Edition,false,5,73,,1,Box 1
Derek Jeter,Baseball,Collector's Choice,1995,Upper Deck,15,,false,2,12,,1,Box 1
Derek Jeter,Baseball,Collector's Choice Silver Signature,1995,Upper Deck,15,Silver Signature,false,6,40,,1,Box 1
Derek Jeter,Baseball,SR Force,1995,Signature Rookies,14,SR Force,false,5,35,,1,Box 1
Derek Jeter,Baseball,Future Stars,1995,Topps,199,,false,3,18,,1,Box 1
Derek Jeter,Baseball,1994 Fleer Excel All-Star Derek Jeter,1994,Fleer Excel,5 of 10,All-Star,false,5,40,,1,Box 1
Derek Jeter,Baseball,10th Anniversary Team,1995,Fleer,5,10th Anniversary Team,false,6,28,,1,Box 1
Derek Jeter,Baseball,1995 Upper Deck Bronze Derek Jeter,1995,Upper Deck,225,,false,8,50,,1,Box 1
Derek Jeter,Baseball,1995 Upper Deck Silver Derek Jeter,1995,Upper Deck,225,,false,10,70,,1,Box 1
Derek Jeter,Baseball,Scouting Report Checklist,1995,Action Packed,,Scouting Report,false,1,5,,1,Box 1
Derek Jeter,Baseball,Diamond Destiny - Bronze Foil,1995,Upper Deck,0028,Diamond Destiny,false,6,30,,1,Box 1
Derek Jeter,Baseball,Diamond Destiny - Silver Foil,1995,Upper Deck,0028,Diamond Destiny,false,10,45,,1,Box 1
Derek Jeter,Baseball,In The Rough,1996,Upper Deck,20,Diamond Debuts,false,3,8,,1,Box 1
Derek Jeter,Baseball,Aficionado,1996,Pinnacle,163,,false,3,20,,1,Box 1
Derek Jeter,Baseball,Base,1996,Pacific,383,,false,3,15,,2,Box 1
Derek Jeter,Baseball,Summit,1996,Pinnacle,171,Summit,false,4,25,,2,Box 1
Derek Jeter,Baseball,Summit - Silver,1996,Pinnacle,171,Summit,false,7,40,,1,Box 1
Derek Jeter,Baseball,Summit Holographic,1996,Pinnacle,171,Summit Holographic,false,10,75,,1,Box 1
Derek Jeter,Baseball,Staremasters,1996,Leaf Preferred,SM1,Staremasters,false,12,90,0062/2500,1,Box 1
Derek Jeter,Baseball,Studio Bronze Press Proof,1996,Leaf,38,Press Proof,false,6,45,,1,Box 1
Derek Jeter,Baseball,Studio Silver Press Proof,1996,Leaf,38,Press Proof,false,8,60,,1,Box 1
Derek Jeter,Baseball,Slick Picks,1996,Pinnacle,18,Slick Picks,false,5,35,,1,Box 1
Derek Jeter,Baseball,Collector's Choice,1996,Upper Deck Collector's Choice,231,Base Set,false,2,10,,1,Box 1
Derek Jeter,Baseball,Collector's Choice - Silver Signature,1996,Upper Deck Collector's Choice,231,Base Set,false,4,18,,1,Box 1
Derek Jeter,Baseball,Select Rookie,1996,Select,161,Base Set,false,3,15,,1,Box 1
Derek Jeter,Baseball,Laser Bright Spots - Gold Foil,1996,Topps,813,Laser Bright Spots,false,8,40,,1,Box 1
Derek Jeter,Baseball,Laser Bright Spots,1996,Topps,62,Laser Bright Spots,false,5,22,,1,Box 1
Derek Jeter,Baseball,V.J. Lovero Showcase,1996,Upper Deck,VJ3,V.J. Lovero Showcase,false,6,35,,1,Box 1
Derek Jeter,Baseball,Finest,1996,Topps Finest,279,Base Set,false,8,40,,1,Box 1
Derek Jeter,Baseball,Ball Parks,1996,Pinnacle,6,Ball Parks,false,6,30,,1,Box 1
Derek Jeter,Baseball,SP - Silver,1996,Upper Deck,43,SP,false,6,30,,1,Box 1
Derek Jeter,Baseball,SP - Gold,1996,Upper Deck,43,SP,false,15,70,,1,Box 1
Derek Jeter,Baseball,Select Few,1996,Pinnacle,2,Select Few,false,12,60,,1,Box 1
Derek Jeter,Baseball,Metal Universe,1996,Fleer,87,Metal Universe,false,12,70,,1,Box 1
Derek Jeter,Baseball,Metal Universe - Platinum Blue,1996,Fleer,87,Metal Universe,false,18,95,,1,Box 1
Derek Jeter,Baseball,Marquee Matchups - Blue,1996,Upper Deck,MM3,Marquee Matchups,false,6,30,,1,Box 1
Derek Jeter,Baseball,Marquee Matchups - Red,1996,Upper Deck,MM3,Marquee Matchups,false,10,55,,1,Box 1
Derek Jeter,Baseball,Flair,1996,Fleer,129,Flair,false,8,45,,1,Box 1
Derek Jeter,Baseball,Topps Laser,1996,Topps,82,Topps Laser,false,4,20,,1,Box 1
Derek Jeter,Baseball,Golden Prospects,1996,Fleer Ultra,8,Golden Prospects,false,12,65,,1,Box 1
Derek Jeter,Baseball,Major League Debut - Bronze Foil,1996,Upper Deck,156,Major League Debut,false,5,25,,1,Box 1
Derek Jeter,Baseball,Blue Chip Prospects,1995,Upper Deck,BC17,Blue Chip Prospects,false,8,40,,1,Box 1
Derek Jeter,Baseball,Leaf Preferred,1996,Leaf,116,Leaf Preferred,false,4,20,,1,Box 1
Derek Jeter,Baseball,Diamond Aces,1996,Score,11,Diamond Aces,false,6,35,,1,Box 1
Derek Jeter,Baseball,Limited Rookies,1996,Donruss,4 of 10,Limited Rookies,false,12,75,,1,Box 1
Derek Jeter,Baseball,Special FX,1996,Upper Deck,48 of 48,Special FX,false,12,80,,1,Box 1
Derek Jeter,Baseball,Prime Cut Refractor,1997,Bowman's Best,3,Prime Cut,true,40,220,,2,Box 1
Derek Jeter,Baseball,Fleer Update Silver,1996,Fleer,U226,Update,false,6,30,,1,Box 1
Derek Jeter,Baseball,Fleer Update Gold,1996,Fleer,U226,Update,false,12,60,,1,Box 1
Derek Jeter,Baseball,Team Spirit,1996,Pinnacle,,Team Spirit,false,6,35,,1,Box 1
Derek Jeter,Baseball,Project Stardom,1996,Pinnacle,2 of 8,Project Stardom,false,10,55,,1,Box 1
Derek Jeter,Baseball,Mining for Gold,1996,Fleer,6 of 12,Mining for Gold,false,12,65,,1,Box 1
Derek Jeter,Baseball,Future Franchise,1996,Score,3 of 16,Future Franchise,false,5,25,,1,Box 1
Derek Jeter / Rey Ordoñez,Baseball,Interleague Edition,1996,Score Select Certified,,Interleague Edition,false,6,35,,1,Box 1
Derek Jeter / Barry Larkin,Baseball,Reflections,1996,Score,10 of 20,Reflections,false,6,35,,1,Box 1
Derek Jeter,Baseball,Numbers Game,1996,Score,26 of 30,Numbers Game,false,6,30,,1,Box 1
Derek Jeter,Baseball,Score Rookie - Bronze Border,1996,Score,106 of 110,Rookie,false,8,40,,1,Box 1
Derek Jeter,Baseball,Score Rookie,1996,Score,106 of 110,Rookie,false,5,25,,1,Box 1
Derek Jeter,Baseball,Hardball Heroes - Gold,1996,Pinnacle,279,Hardball Heroes,false,8,40,,2,Box 1
Derek Jeter,Baseball,Hardball Heroes - Holographic Gold,1996,Pinnacle,279,Hardball Heroes,false,25,120,179/200,1,Box 1
Derek Jeter,Baseball,Pinnacle - Gold,1996,Pinnacle,171,Base Set,false,8,40,,1,Box 1
Derek Jeter,Baseball,Pinnacle - Holographic,1996,Pinnacle,171,Base Set,false,35,150,97/100,1,Box 1
Derek Jeter,Baseball,Rated Rookie,1996,Donruss,491,,true,8,40,,1,Box 1
Derek Jeter,Baseball,Bowman's Best Preview (Holographic),1996,Bowman's Best,BBP15,Preview,false,6,25,,1,Box 1
Derek Jeter,Baseball,Bowman's Best (Gold Border),1996,Bowman's Best,79,,false,5,20,,1,Box 1
Derek Jeter,Baseball,SP Foil,1996,Upper Deck,135,SP,false,6,30,,1,Box 1
Derek Jeter,Baseball,Hobby Predictor - AL Monthly Rookie Hits Leader,1996,Upper Deck,,Hobby Predictor,false,4,15,,1,Box 1
Derek Jeter,Baseball,EX-2000,1996,Fleer/SkyBox,90,,false,5,18,,1,Box 1
Derek Jeter,Baseball,SportFlix 96,1996,SportFlix,139,,false,4,15,,1,Box 1
Derek Jeter,Baseball,Double Take,1996,SportFlix,,Double Take,false,4,18,,1,Box 1
Derek Jeter,Baseball,Circa '96,1996,Pinnacle,65,,false,5,18,,1,Box 1
Derek Jeter,Baseball,Deja Vu,1996,Pinnacle Summit,154,Deja Vu,false,5,20,,1,Box 1
Derek Jeter,Baseball,The Futurists,1996,Topps Gallery,143,The Futurists,false,6,25,,1,Box 1
Derek Jeter,Baseball,Star Struck,1996,Score,384,Star Struck,false,4,15,,1,Box 1
Derek Jeter,Baseball,Star Struck (Metallic Border),1996,Score,384,Star Struck,false,20,80,109/110,1,Box 1
Derek Jeter,Baseball,Checklist,1996,Fleer Ultra,,Checklist,false,3,12,5/10,1,Box 1
Derek Jeter,Baseball,1996 Topps Stadium Club Derek Jeter,1996,Topps Stadium Club,260,,false,5,40,,1,Box 1
Derek Jeter,Baseball,1996 Pinnacle 1st Rate Holographic Derek Jeter,1996,Pinnacle,,1st Rate,false,40,200,13/18,1,Box 1
Derek Jeter,Baseball,Stadium Club (X-Treme),1996,Topps,123,X-Treme,false,10,40,,1,Box 1
Derek Jeter,Baseball,"Rookie",1996,Fleer Ultra,386,,false,4,15,,1,Box 1
Derek Jeter,Baseball,Gold Medallion Rookie,1996,Fleer Ultra,386,Gold Medallion,false,10,45,,1,Box 1
Derek Jeter,Baseball,Signature Series,1996,Leaf,67,,false,5,20,,1,Box 1
Derek Jeter,Baseball,Gold Leaf Rookie,1996,Leaf,211,,false,8,35,,1,Box 1
Derek Jeter,Baseball,Team Tomorrow,1996,Pinnacle,,Team Tomorrow,false,5,20,9/10,1,Box 1
Derek Jeter,Baseball,Steel,1996,Leaf,,Steel,false,6,25,40/77,1,Box 1
Derek Jeter,Baseball,Artist's Proof,1996,Select Certified,100,Artist's Proof,false,40,100,,1,Box 1
Derek Jeter,Baseball,Select Certified (Red Border),1996,Select Certified,100,,false,12,50,,1,Box 1
Derek Jeter,Baseball,Select Certified (Silver Border),1996,Select Certified,100,,false,15,70,,1,Box 1
Derek Jeter,Baseball,Bowman,1996,Bowman,112,Base Set,false,4,15,,1,Box 1
Derek Jeter,Baseball,Bowman (Silver),1996,Bowman,112,,false,6,25,,1,Box 1
Derek Jeter,Baseball,Honor Roll,1996,Pinnacle Zenith,147,Honor Roll,false,5,22,,1,Box 1
Derek Jeter,Baseball,Fleer,1996,Fleer,184,Base Set,false,3,12,,1,Box 1
Derek Jeter,Baseball,Finest Phenoms (Refractor),1996,Topps Finest,,Finest Phenoms,false,20,120,,1,Box 1
Derek Jeter,Baseball,Finest Sterling (Uncommon),1996,Topps Finest,S59,Sterling,false,8,35,,1,Box 1
Derek Jeter,Baseball,Zenith,1996,Pinnacle,93,Base Set,false,4,15,,1,Box 1
Derek Jeter,Baseball,Bazooka,1996,Topps,80,Base Set,false,3,12,,1,Box 1
Derek Jeter,Baseball,1996 Topps Chrome Future Star Derek Jeter,1996,Topps Chrome,,Future Star,false,20,120,,1,Box 1
Derek Jeter,Baseball,1996 Topps Future Star Gold Derek Jeter,1996,Topps,,Future Star,false,10,60,,1,Box 1
Derek Jeter,Baseball,1996 Topps Team Topps Derek Jeter,1996,Topps,,Team Topps,false,15,80,,1,Box 1
Derek Jeter,Baseball,1996 Bleachers Rookie of the Year 23K Gold Derek Jeter,1996,Bleachers,,Rookie of the Year,false,10,40,,1,Box 2
Derek Jeter,Baseball,1996 Pacific Prism Team Logos Derek Jeter,1996,Pacific Prism,PB-30,Team Logos,false,5,30,,1,Box 2
David Wells,Baseball,1998 Fleer Tradition Perfect Game,1998,Fleer Tradition,U9,David Wells Perfect Game,false,4,25,,1,Box 2
Derek Jeter,Baseball,2015 Topps Derek Jeter #319,2015,Topps,319,,false,3,20,,1,Box 2
Derek Jeter,Baseball,2015 Topps Derek Jeter #1,2015,Topps,1,,false,5,25,,1,Box 2
Derek Jeter,Baseball,1998 Fleer Flair Showcase Row 2 Derek Jeter,1998,Fleer Flair Showcase,,Row 2,false,8,45,,1,Box 2
Derek Jeter,Baseball,1998 Pacific Invincible Derek Jeter #9,1998,Pacific Invincible,9,,false,6,35,,1,Box 2
Derek Jeter,Baseball,1998 Pinnacle Derek Jeter,1998,Pinnacle,64,,false,4,20,,1,Box 2
Derek Jeter / Tino Martinez,Baseball,1998 Pacific Collection Yankees Team Checklist,1998,Pacific Collection,10,,false,5,25,,1,Box 2
Derek Jeter,Baseball,1997 Upper Deck Derek Jeter,1997,Upper Deck,141,,false,4,20,,1,Box 2
Derek Jeter,Baseball,1997 Donruss Studio Derek Jeter 91,1997,Donruss,91,Studio,false,2,6,,1,Box 2
Derek Jeter,Baseball,1997 Upper Deck Diamond Destiny Derek Jeter DD28,1997,Upper Deck,DD28,Diamond Destiny,false,3,10,,1,Box 2
Derek Jeter,Baseball,1997 Topps Gallery of Heroes Derek Jeter,1997,Topps,,Gallery of Heroes,false,4,14,,1,Box 2
Derek Jeter,Baseball,1997 Topps Photo Gallery Derek Jeter PG6,1997,Topps,PG6,Photo Gallery,false,3,10,,1,Box 2
Derek Jeter,Baseball,1997 Pacific Collection Derek Jeter 51,1997,Pacific,51,Pacific Collection,false,2,5,,1,Box 2
Derek Jeter,Baseball,1997 Pacific Collection Gold Derek Jeter 51,1997,Pacific,51,Pacific Collection Gold,false,3,9,,1,Box 2
Derek Jeter / Bernie Williams,Baseball,1997 Topps Chrome Diamond Duos Refractor Derek Jeter,1997,Topps,,Diamond Duos Refractor,false,15,45,,1,Box 2
Derek Jeter,Baseball,1997 Pinnacle InstaVision Derek Jeter,1997,Pinnacle,,InstaVision,false,3,10,,1,Box 2
Derek Jeter,Baseball,1997 Upper Deck Derek Jeter 55,1997,Upper Deck,55,Upper Deck,false,2,5,,1,Box 2
Derek Jeter,Baseball,1997 Pacific Collection Derek Jeter 13 of 36,1997,Pacific,13 of 36,Pacific Collection,false,3,10,,1,Box 2
Derek Jeter,Baseball,1997 Upper Deck Star Rookies Derek Jeter RS3,1997,Upper Deck,RS3,Star Rookies,false,2,6,,1,Box 2
Derek Jeter,Baseball,1997 Topps Finest Masters Derek Jeter M18,1997,Topps,M18,Finest Masters,false,6,18,,1,Box 2
Derek Jeter,Baseball,1997 Topps Hobby Masters Derek Jeter,1997,Topps,,Hobby Masters,false,4,14,,1,Box 2
Derek Jeter,Baseball,1997 Pinnacle Circa Derek Jeter 4 of 12,1997,Pinnacle,4 of 12,Circa,false,4,14,,1,Box 2
Derek Jeter,Baseball,1997 Leaf Banner Season Derek Jeter 14 of 15,1997,Leaf,14 of 15,Banner Season,false,7,22,1231/2500,1,Box 2
Derek Jeter,Baseball,1997 Pinnacle Select Rookie Revolution Derek Jeter,1997,Pinnacle,,Rookie Revolution,false,6,18,0317,1,Box 2
Derek Jeter,Baseball,1997 Topps Stadium Club Members Only Derek Jeter M1,1997,Topps,M1,Members Only,false,3,10,,1,Box 2
Derek Jeter,Baseball,1997 Pinnacle Zenith Magnetic Field Derek Jeter 5 of 10,1997,Pinnacle,5 of 10,Magnetic Field,false,6,18,,1,Box 2
Derek Jeter,Baseball,1997 Pacific Collection Silver Highlights Derek Jeter SH 5A,1997,Pacific,SH 5A,Silver Highlights,false,3,10,,1,Box 2
Derek Jeter,Baseball,1997 Metal Universe Platinum Portraits Derek Jeter 4 of 10,1997,Fleer/SkyBox,4 of 10,Platinum Portraits,false,12,35,,1,Box 2
Derek Jeter,Baseball,1997 Topps Awesome Impact Derek Jeter AI7,1997,Topps,AI7,Awesome Impact,false,3,10,,1,Box 2
Derek Jeter,Baseball,1997 Donruss Preferred National Treasures Derek Jeter 184,1997,Donruss,184,National Treasures,false,3,10,,2,Box 2
Derek Jeter,Baseball,1997 Donruss Elite Passing the Torch Derek Jeter,1997,Donruss,,Passing the Torch,false,9,26,0197/1500,1,Box 2
Derek Jeter / Ozzie Smith,Baseball,1997 Donruss Elite Passing the Torch Jeter Smith,1997,Donruss,,Passing the Torch,false,12,30,0753/1500,1,Box 2
Derek Jeter,Baseball,1997 Topps Stadium Club Pure Gold Derek Jeter PG19,1997,Topps,PG19,Pure Gold,false,6,18,,1,Box 2
Derek Jeter,Baseball,1997 Pinnacle Zenith Sample Derek Jeter,1997,Pinnacle,,Zenith Sample,false,7,22,,1,Box 2
Derek Jeter,Baseball,1997 Pinnacle Inside Derek Jeter 87,1997,Pinnacle,87,Inside,false,2,5,,1,Box 2
Derek Jeter,Baseball,1997 Flair Showcase Row 0 Section 1 Seat 2 Derek Jeter,1997,Fleer,,Flair Showcase Row 0,false,12,35,,1,Box 2
Derek Jeter,Baseball,1997 Flair Showcase Row 1 Section 1 Seat 2 Derek Jeter,1997,Fleer,,Flair Showcase Row 1,false,4,14,,1,Box 2
Derek Jeter,Baseball,1997 Flair Showcase Row 2 Section 1 Seat 2 Derek Jeter,1997,Fleer,,Flair Showcase Row 2,false,2,6,,1,Box 2
Derek Jeter,Baseball,1997 Pinnacle Inside Away Derek Jeter 17 of 24,1997,Pinnacle,17 of 24,Inside Away,false,3,10,,1,Box 2
Derek Jeter,Baseball,1997 Pinnacle Inside Home Derek Jeter 18 of 24,1997,Pinnacle,18 of 24,Inside Home,false,3,10,,1,Box 2
Derek Jeter,Baseball,1997 Topps Chrome Derek Jeter 7,1997,Topps,7,Topps Chrome,false,5,15,,1,Box 2
Derek Jeter,Baseball,1997 Topps Chrome Derek Jeter 13,1997,Topps,13,Topps Chrome,false,5,15,,1,Box 2
Derek Jeter,Baseball,1997 Topps Chrome Refractor Derek Jeter 7,1997,Topps,7,Topps Chrome Refractor,false,15,45,,1,Box 2
Derek Jeter,Baseball,1997 Pinnacle Select Stars Derek Jeter SS148,1997,Pinnacle,SS148,Select Stars,false,3,10,,1,Box 2
Derek Jeter,Baseball,1997 Pinnacle Circa Limited Access Derek Jeter 7 of 15,1997,Pinnacle,7 of 15,Limited Access,false,6,18,,1,Box 2
Derek Jeter,Baseball,1997 Upper Deck Big Shots Derek Jeter 13 of 19,1997,Upper Deck,13 of 19,Big Shots,false,3,10,,1,Box 2
Derek Jeter,Baseball,1997 Flair Showcase Diamond Cuts Derek Jeter 13 of 20,1997,Fleer,13 of 20,Diamond Cuts,false,4,14,,1,Box 2
Derek Jeter,Baseball,1997 Pinnacle Keeping the Pace Derek Jeter 9 of 18,1997,Pinnacle,9 of 18,Keeping the Pace,false,3,10,,1,Box 2
Derek Jeter,Baseball,1997 Upper Deck SP Derek Jeter 17 of 25,1997,Upper Deck,17 of 25,SP,false,4,14,,1,Box 2
Derek Jeter,Baseball,1997 Pinnacle Zenith Derek Jeter 17,1997,Pinnacle,17,Zenith,false,2,5,,1,Box 2
Derek Jeter,Baseball,1997 Fleer Ultra Top 30 Gold Derek Jeter 9 of 30,1997,Fleer,9 of 30,Top 30 Gold,false,6,18,,1,Box 2
Derek Jeter,Baseball,1997 Donruss Preferred Star Master Derek Jeter 7 of 20,1997,Donruss,7 of 20,Star Master,false,4,14,,1,Box 2
Derek Jeter,Baseball,1997 Fleer SkyBox EX-2000 Derek Jeter 33,1997,Fleer/SkyBox,33,EX-2000,false,5,15,,1,Box 2
Derek Jeter,Baseball,1997 Fleer Ultra Fame Game Derek Jeter 7 of 18,1997,Fleer,7 of 18,Fame Game,false,4,14,,1,Box 2
Derek Jeter,Baseball,1997 Upper Deck New Frontier Derek Jeter NF29,1997,Upper Deck,NF29,New Frontier,false,3,10,,1,Box 2
Derek Jeter,Baseball,1997 Fleer Ultra Leather Shop Derek Jeter 4 of 12,1997,Fleer,4 of 12,Leather Shop,false,7,22,,1,Box 2
Derek Jeter,Baseball,1997 Fleer Sports Illustrated Derek Jeter 128,1997,Fleer,128,Sports Illustrated,false,2,5,,1,Box 2
Derek Jeter,Baseball,1997 Fleer Sports Illustrated Derek Jeter 62,1997,Fleer,62,Sports Illustrated,false,2,5,,1,Box 2
Derek Jeter,Baseball,1997 Fleer Sports Illustrated Derek Jeter 179,1997,Fleer,179,Sports Illustrated,false,2,5,,1,Box 2
Derek Jeter,Baseball,1997 Pinnacle X-Press,1997,Pinnacle,32,X-Press,false,3,12,,1,Box 2
Derek Jeter,Baseball,1997 Fleer Ultra Stars,1997,Fleer Ultra,9 of 30,Ultra Stars,false,2,8,,1,Box 2
Derek Jeter,Baseball,1997 Donruss Counterparts Derek Jeter/Lou Collier,1997,Donruss,22,Counterparts,false,2,8,,1,Box 2
Derek Jeter,Baseball,1997 Pinnacle Gold,1997,Pinnacle,53,Gold,false,5,15,,1,Box 2
Derek Jeter,Baseball,1997 Pinnacle,1997,Pinnacle,53,Base,false,1,4,,1,Box 2
Derek Jeter,Baseball,1997 Pinnacle Certified Stars,1997,Pinnacle Certified,141,Certified Stars,false,3,10,,1,Box 2
Derek Jeter,Baseball,1997 Fleer Headliners,1997,Fleer,8 of 20,Headliners,false,2,6,,1,Box 2
Derek Jeter,Baseball,1997 Topps Power Players,1997,Topps,PP4,Power Players,false,2,6,,1,Box 2
Derek Jeter,Baseball,1997 Pinnacle Certified Mirror Blue,1997,Pinnacle Certified,3 of 20,Mirror Blue,false,6,18,,1,Box 2
Derek Jeter,Baseball,1997 Pinnacle Certified Red,1997,Pinnacle Certified,51,Red,false,6,18,,1,Box 2
Derek Jeter / Barry Larkin,Baseball,1997 Pinnacle Dueling Dugouts Derek Jeter/Barry Larkin,1997,Pinnacle,11,Dueling Dugouts,false,3,10,,1,Box 2
Derek Jeter,Baseball,1997 Score True Grit,1997,Score,,True Grit,false,1,4,,1,Box 2
Derek Jeter,Baseball,1997 Pinnacle Denny's,1997,Pinnacle,14 of 29,Denny's,false,3,10,,1,Box 2
Derek Jeter,Baseball,1997 Upper Deck SPx Bronze,1997,Upper Deck,SPx36,Bronze,false,4,15,,1,Box 2
Derek Jeter,Baseball,1997 Leaf 22KT Gold Leaf Stars,1997,Leaf,7 of 36,22KT Gold Leaf Stars,false,15,35,1830/2500,1,Box 2
Derek Jeter,Baseball,1997 Leaf Legacy,1997,Leaf,358,Base,false,1,4,,1,Box 2
Derek Jeter,Baseball,1997 Fleer Frank H. Fleer Bubble Gum,1997,Fleer,4 of 15,Frank H. Fleer Bubble Gum,false,3,10,,1,Box 2
Derek Jeter,Baseball,1997 Donruss Pennant Edition,1997,Donruss,123,Base,false,1,4,,1,Box 2
Derek Jeter / Vladimir Guerrero,Baseball,1997 Pinnacle Interleague Matchups Derek Jeter/Vladimir Guerrero,1997,Pinnacle,6 of 10,Interleague Matchups,false,4,12,,1,Box 2
Derek Jeter,Baseball,1997 Bowman's Best Performers Atomic Refractor,1997,Bowman's Best,BBP4,Best Performers Atomic Refractor,false,40,90,,1,Box 2
Derek Jeter,Baseball,1997 Bowman's Best Performers,1997,Bowman's Best,BBP4,Best Performers,false,3,10,,1,Box 2
Derek Jeter,Baseball,1997 Bowman's Best,1997,Bowman's Best,B2,Base,false,2,6,,1,Box 2
Derek Jeter,Baseball,1997 Pinnacle Mint Bronze,1997,Pinnacle,16 of 30,Mint Bronze,false,4,12,,1,Box 2
Derek Jeter,Baseball,1997 Pinnacle Mint Gold,1997,Pinnacle,16 of 30,Mint Gold,false,9,22,,1,Box 2
Derek Jeter,Baseball,1997 Topps Finest Competitors,1997,Topps Finest,310,Competitors,false,3,9,,1,Box 2
Derek Jeter,Baseball,1997 Bowman's Best Cuts,1997,Bowman's Best,BC1,Best Cuts,false,3,10,,1,Box 2
Derek Jeter,Baseball,1997 Fleer Encore,1997,Fleer Encore,703,Base,false,1,4,,1,Box 2
Derek Jeter,Baseball,1997 Pinnacle X-Press Metal Works,1997,Pinnacle X-Press,5 of 20,Metal Works,false,10,30,,1,Box 2
Derek Jeter,Baseball,1997 Fleer Checklist,1997,Fleer,739,Checklist,false,1,3,,1,Box 2
Derek Jeter,Baseball,1997 Pinnacle Certified,1997,Pinnacle Certified,141,Base,false,3,8,,1,Box 2
Derek Jeter,Baseball,1997 Pinnacle Certified,1997,Pinnacle Certified,51,Base,false,3,8,,1,Box 2
Derek Jeter,Baseball,1997 Pinnacle Inside Checklist,1997,Pinnacle Inside,148,Checklist,false,1,4,,1,Box 2
Derek Jeter,Baseball,1997 Leaf Fractal Matrix,1997,Leaf,200,Fractal Matrix,false,3,9,,1,Box 2
Derek Jeter,Baseball,1997 Donruss Stolen Bases Fabric of the Game,1997,Donruss,61 of 69,Fabric of the Game,false,60,130,0502/1000,1,Box 2
Derek Jeter,Baseball,1997 Donruss Hit List,1997,Donruss,415,Hit List,false,2,6,,1,Box 2
Derek Jeter,Baseball,1997 Donruss Power Alley,1997,Donruss,24 of 24,Power Alley,false,12,25,2545/4000,1,Box 2
Derek Jeter,Baseball,1997 Bowman's Best Mirror Image,1997,Bowman's Best,MI1,Mirror Image,false,3,10,,1,Box 2
Derek Jeter,Baseball,1997 Upper Deck SP,1997,Upper Deck,125,SP Base,false,3,9,,1,Box 2
Derek Jeter,Baseball,1997 Upper Deck Marquee Matchups,1997,Upper Deck,,Marquee Matchups,false,2,6,,1,Box 2
Derek Jeter,Baseball,1997 Upper Deck Collector's Choice,1997,Upper Deck,40 of 45,Collector's Choice,false,1,4,,1,Box 2
Derek Jeter,Baseball,1997 Donruss,1997,Donruss,49,Base,false,1,4,,1,Box 2
Derek Jeter,Baseball,1997 Donruss Elite,1997,Donruss,24,Elite,false,3,9,,1,Box 2
Derek Jeter,Baseball,1997 Fleer World Series,1997,Fleer,168,World Series,false,1,4,,1,Box 2
Derek Jeter,Baseball,1997 Fleer SI Vision Extra Edition,1997,Fleer,62,SI Vision Extra Edition,false,30,75,026/500,1,Box 2
Derek Jeter,Baseball,1997 Fleer Rookie Sensations,1997,Fleer,7 of 20,Rookie Sensations,false,2,6,,1,Box 2
Derek Jeter,Baseball,1997 Pacific Collection,1997,Pacific,152,Base,false,1,4,,1,Box 2
Derek Jeter,Baseball,1997 Pacific Collection Full Count,1997,Pacific,FW-7,Full Count,false,2,6,,1,Box 2
Derek Jeter,Baseball,1997 Pacific Collection Gold Crown Die-Cuts,1997,Pacific,GC11,Gold Crown Die-Cuts,false,3,10,,1,Box 2
Derek Jeter,Baseball,1997 Topps Gallery Players Private Issue,1997,Topps Gallery,PM1,Players Private Issue,false,3,10,,1,Box 2
Derek Jeter,Baseball,1997 Pinnacle,1997,Pinnacle,139,Base,false,1,4,,1,Box 2
Derek Jeter,Baseball,1997 Pinnacle Museum Collection,1997,Pinnacle,139,Museum Collection,false,6,15,,1,Box 2
Derek Jeter,Baseball,1997 Topps Stadium Club,1997,Topps Stadium Club,55,Base,false,1,4,,1,Box 2
Derek Jeter,Baseball,1997 Topps Finest Blue Chips Promotional Sample,1997,Topps Finest,15,Blue Chips Promo,false,7,18,,1,Box 2
Derek Jeter,Baseball,1997 Topps Finest Blue Chips,1997,Topps Finest,15,Blue Chips,false,3,10,,1,Box 2
Derek Jeter,Baseball,1997 Leaf Get a Grip,1997,Leaf,,Get a Grip,false,8,20,2643/3500,1,Box 2
Derek Jeter,Baseball,1997 Leaf,1997,Leaf,165,Base,false,1,4,,1,Box 2
Derek Jeter,Baseball,1997 Leaf Checklist,1997,Leaf,200,Checklist,false,1,4,,1,Box 2
Derek Jeter,Baseball,1997 Circa Boss,1997,Circa,8 of 20,Boss,false,3,9,,1,Box 2
Derek Jeter,Baseball,1997 Circa,1997,Circa,200,Base,false,1,4,,1,Box 2
Derek Jeter,Baseball,1997 Upper Deck Collector's Choice,1997,Upper Deck,180,Base,false,1,3,,1,Box 2
Derek Jeter,Baseball,1997 Fleer Metal Universe,1997,Fleer Metal Universe,118,Base,false,3,9,,1,Box 2
Derek Jeter,Baseball,1997 Donruss Elite Turn of the Century,1997,Donruss,7 of 20,Turn of the Century,false,12,25,1873/3500,1,Box 2
Derek Jeter,Baseball,1997 Upper Deck,1997,Upper Deck,440,Base,false,1,4,,1,Box 2
Derek Jeter,Baseball,1997 Pinnacle Mint,1997,Pinnacle,16 of 30,Mint,false,3,9,,1,Box 2
Derek Jeter,Baseball,1997 Circa Fast Track,1997,Circa,,Fast Track,false,3,9,,1,Box 2
Derek Jeter,Baseball,1997 Pinnacle Starburst,1997,Pinnacle,7 of 15,Starburst,false,3,10,,1,Box 2
Derek Jeter,Baseball,1997 Topps Gallery Photo Gallery,1997,Topps Gallery,PP2,Photo Gallery,false,2,6,,1,Box 2
Derek Jeter,Baseball,1997 Topps Gallery,1997,Topps Gallery,,Base,false,2,6,,1,Box 2
Derek Jeter,Baseball,1997 Fleer Ultra Double Trouble Derek Jeter/Andy Pettitte,1997,Fleer Ultra,7 of 20,Double Trouble,false,3,10,,1,Box 2
Derek Jeter,Baseball,1997 Fleer Ultra Gold Medallion Edition,1997,Fleer Ultra,G99,Gold Medallion,false,4,12,,1,Box 2
Derek Jeter,Baseball,1997 Fleer Ultra,1997,Fleer Ultra,99,Base,false,1,4,,1,Box 2
Derek Jeter,Baseball,1997 Upper Deck Generation Next,1997,Upper Deck,GN15,Generation Next,false,3,9,,1,Box 2
Derek Jeter,Baseball,1997 Upper Deck Collector's Choice,1997,Upper Deck,34 of 45,Collector's Choice,false,1,4,,1,Box 2
Derek Jeter,Baseball,1997 Upper Deck Collector's Choice World Headquarters Edition,1997,Upper Deck,34 of 45,World Headquarters Edition,false,3,7,,1,Box 2
Derek Jeter,Baseball,1997 Upper Deck Ticket to Stardom,1997,Upper Deck,TS5,Ticket to Stardom,false,3,9,,1,Box 2
Derek Jeter,Baseball,1997 Fleer Ultra Rising Stars,1997,Fleer Ultra,5 of 10,Rising Stars,false,3,10,,1,Box 2
Derek Jeter,Baseball,1997 Pacific Collection Sluggers Limited,1997,Pacific,SL4A,Sluggers Limited,false,3,10,,1,Box 2
Derek Jeter,Baseball,1997 Donruss Armed and Dangerous,1997,Donruss,11 of 15,Armed and Dangerous,false,8,20,0576/5000,1,Box 2
Derek Jeter,Baseball,1997 Fleer Ultra Die-Cut,1997,Fleer Ultra,3 of 10,Die-Cut,false,4,12,,1,Box 2
Derek Jeter,Baseball,1997 Score Insert,1997,Score,3 of 15,Insert,false,1,4,,1,Box 2
Derek Jeter,Baseball,1997 Score,1997,Score,35,Base,false,1,3,,1,Box 2
Derek Jeter,Baseball,1997 Score Promo Sample,1997,Score,35,Promo Sample,false,3,9,,1,Box 2
Derek Jeter,Baseball,1997 Score Holographic,1997,Score,3 of 15,Holographic,false,3,10,,1,Box 2
Derek Jeter,Baseball,1997 Fleer Ultra Checklist,1997,Fleer Ultra,9 of 10,Checklist,false,1,4,,1,Box 2
Derek Jeter,Baseball,1997 Bowman,1997,Bowman,1,Base,false,3,9,,1,Box 2
Derek Jeter,Baseball,1997 Bowman Previews,1997,Bowman,PP3,Previews,false,3,10,,1,Box 2
Derek Jeter,Baseball,1997 Bowman International,1997,Bowman,1,International,false,4,12,,1,Box 2
Derek Jeter,Baseball,1997 Upper Deck Special F/X,1997,Upper Deck,16 of 47,Special F/X,false,3,9,,1,Box 2
Derek Jeter,Baseball,1997 Upper Deck,1997,Upper Deck,425,Base,false,1,4,,1,Box 2
Derek Jeter,Baseball,1997 Upper Deck Hot Commodities,1997,Upper Deck,,Hot Commodities,false,3,9,,1,Box 2
Derek Jeter,Baseball,1997 Select,1997,Select,60,Base,false,1,4,,1,Box 2
Derek Jeter,Baseball,1997 Select Tools of the Trade,1997,Select,25 of 25,Tools of the Trade,false,3,10,,1,Box 2
Derek Jeter,Baseball,1997 Circa Super Boss,1997,Circa,8 of 20,Super Boss,false,6,15,,1,Box 2
Derek Jeter,Baseball,1997 Upper Deck Collector's Choice,1997,Upper Deck,331,Base,false,1,3,,1,Box 2
Derek Jeter,Baseball,1997 Fleer Million Dollar Moments,1997,Fleer,2 of 50,Million Dollar Moments,false,2,6,,1,Box 2
Derek Jeter,Baseball,1997 Sports Illustrated for Kids,1997,Sports Illustrated for Kids,589,Magazine,false,5,20,,1,Box 2
Derek Jeter,Baseball,1997 Fleer Ultra Hitting Machine,1997,Fleer Ultra,7 of 18,Hitting Machine,false,3,9,,1,Box 2
Derek Jeter,Baseball,1997 Donruss Limited,1997,Donruss,116,Limited,false,3,9,,1,Box 2
Derek Jeter,Baseball,1997 Donruss Leagues of the Nation,1997,Donruss,4 of 15,Leagues of the Nation,false,12,25,0503/2500,1,Box 2
Derek Jeter,Baseball,1997 Donruss Franchise Features,1997,Donruss,,Franchise Features,false,8,20,1621/3000,1,Box 2
Derek Jeter,Baseball,1997 Donruss Studio Master Strokes,1997,Donruss,1 of 24,Master Strokes,false,15,35,1658/2000,1,Box 2
Derek Jeter,Baseball,1997 Donruss Signature Series,1997,Donruss,51,Base,false,3,9,,1,Box 2
Derek Jeter,Baseball,1997 Upper Deck Predictor,1997,Upper Deck,P19,Predictor,false,2,6,,1,Box 2
Derek Jeter,Baseball,1997 Pinnacle Certified Platinum Red,1997,Pinnacle Certified,141,Platinum Red,false,9,20,1274/3999,1,Box 2
Derek Jeter,Baseball,1997 Score True Grit Hobby Reserve,1997,Score,545,True Grit Hobby Reserve,false,3,10,,1,Box 2
Derek Jeter,Baseball,1997 Fleer Ultra Back to the Future,1997,Fleer Ultra,3 of 15,BF,false,3,10,,1,Box 2
Derek Jeter,Baseball,1997 Topps Stadium Club Power League,1997,Topps Stadium Club,PL13,Power League,false,3,9,,1,Box 2
Derek Jeter,Baseball,1997 Donruss Studio Hard Hats,1997,Donruss,,Hard Hats,false,8,20,0208/5000,1,Box 2
Derek Jeter,Baseball,1997 Donruss Preferred Gold,1997,Donruss,125,Gold,false,6,15,,1,Box 2
Derek Jeter,Baseball,1997 Topps Future All-Stars,1997,Topps,FAS1,Future All-Stars,false,3,9,,1,Box 2
Derek Jeter,Baseball,1997 Upper Deck Bound for Glory,1997,Upper Deck,13 of 20,Bound for Glory,false,18,40,1033/1500,1,Box 2
Derek Jeter,Baseball,1997 Pacific Collection Gold Access,1997,Pacific,GA-9,Gold Access,false,3,10,,1,Box 2
Derek Jeter,Baseball,1997 Fleer Insert,1997,Fleer,5 of 12,Insert,false,2,6,,1,Box 2
Derek Jeter,Baseball,1997 Leaf Statistical Standouts,1997,Leaf,5 of 12,Statistical Standouts,false,3,10,,1,Box 2
Derek Jeter,Baseball,1997 Bowman's Best Cuts Refractor,1997,Bowman's Best,BC1,Best Cuts Refractor,false,45,110,,1,Box 2
Derek Jeter,Baseball,1998 Topps,1998,Topps,160,Base,false,1,4,,1,Box 2
Derek Jeter,Baseball,1997 Bowman Chrome,1997,Bowman Chrome,1,Base,false,7,20,,1,Box 2
Derek Jeter,Baseball,1998 Fleer Diamond Standouts,1998,Fleer,9 of 20,Diamond Standouts,false,3,9,,1,Box 2
Derek Jeter,Baseball,1998 Flair Showcase,1998,Flair Showcase,Row 3 Seat 14,Row 3,false,3,10,,1,Box 2
Derek Jeter,Baseball,1998 Upper Deck Derek Jeter,1998,Upper Deck,450,,false,4,20,,1,Box 2
Derek Jeter,Baseball,1998 Donruss Preferred Derek Jeter,1998,Donruss Preferred,176,,false,6,30,,1,Box 2
Derek Jeter,Baseball,1998 Pacific Derek Jeter,1998,Pacific,22,,false,4,20,,1,Box 2
Derek Jeter,Baseball,1998 Pacific Invincible Derek Jeter #19,1998,Pacific Invincible,19,,false,6,35,,1,Box 2
Derek Jeter,Baseball,1998 Upper Deck Amazing Greats Derek Jeter,1998,Upper Deck,AG2,Amazing Greats,false,6,35,,1,Box 2
Derek Jeter,Baseball,1998 Upper Deck Legends of Today Derek Jeter,1998,Upper Deck,,Legends of Today,false,6,35,,1,Box 2
Derek Jeter,Baseball,1998 Donruss Elite Derek Jeter,1998,Donruss Elite,8,,false,8,45,,1,Box 2
Derek Jeter,Baseball,1998 Fleer Checklist Derek Jeter,1998,Fleer,343,Checklist,false,3,15,,1,Box 2
Derek Jeter,Baseball,1997 Donruss Studio Fan Club Derek Jeter,1997,Donruss Studio,165,Fan Club,false,5,25,,1,Box 2
Derek Jeter,Baseball,1998 Donruss Elite Generations Derek Jeter,1998,Donruss Elite,,Generations,false,8,45,,1,Box 2
Derek Jeter,Baseball,1998 Fleer Kid Gloves Derek Jeter,1998,Fleer,KG3,Kid Gloves,false,10,60,,1,Box 2
Derek Jeter / Tino Martinez,Baseball,1998 Fleer Derek Jeter Tino Martinez,1998,Fleer,,Base Set,false,12,60,5/2001,1,Box 2
Derek Jeter,Baseball,1998 Fleer Ultra Artistic Talents Derek Jeter,1998,Fleer Ultra,,Artistic Talents,false,6,35,,1,Box 2
Derek Jeter,Baseball,1998 Score Derek Jeter,1998,Score,22,,false,3,15,,1,Box 2
Derek Jeter,Baseball,1998 Fleer Ultra Fall Classics Derek Jeter,1998,Fleer Ultra,FC6,Fall Classics,false,10,60,,1,Box 2
Derek Jeter,Baseball,1998 Score Complete on Base Players Derek Jeter #3A,1998,Score,3A,Complete Approach Players,false,4,20,,1,Box 2
Derek Jeter,Baseball,1998 Score Complete on Base Players Derek Jeter #3B,1998,Score,3B,Complete Approach Players,false,4,20,,1,Box 2
Derek Jeter,Baseball,1998 Score Complete on Base Players Derek Jeter #3C,1998,Score,3C,Complete on Base Players,false,4,20,,1,Box 2
Derek Jeter,Baseball,1998 Donruss Diamond Kings Derek Jeter,1998,Donruss,DK10,Diamond Kings,false,10,60,,1,Box 2
Derek Jeter,Baseball,1998 Pinnacle Epix Game Derek Jeter,1998,Pinnacle,GJ,,false,8,40,,1,Box 2
Derek Jeter,Baseball,1998 Donruss Fan Club Derek Jeter Press Proof,1998,Donruss,165,,false,10,45,,1,Box 2
Derek Jeter,Baseball,1998 Metal Universe Platinum Portraits Derek Jeter,1998,Metal Universe,7,Platinum Portraits,false,15,80,,1,Box 2
Derek Jeter,Baseball,1998 Fleer Derek Jeter Gold Medallion Edition,1998,Fleer,150G,,false,6,25,,1,Box 2
Derek Jeter,Baseball,1998 Leaf State Representatives Derek Jeter 5G,1998,Leaf,5G,State Representatives,false,12,50,3427/5000,1,Box 2
Derek Jeter,Baseball,1998 Metal Universe Derek Jeter,1998,Metal Universe,199,,false,2,12,,1,Box 2
Derek Jeter,Baseball,1998 Metal Universe Hardball Galaxy Derek Jeter,1998,Metal Universe,208,Hardball Galaxy,false,10,50,,1,Box 2
Derek Jeter,Baseball,1998 Topps Finest Refractor Derek Jeter,1998,Topps Finest,92,Refractor,false,25,120,,1,Box 2
Derek Jeter,Baseball,1998 Metal Universe Universe Derek Jeter,1998,Metal Universe,9,Universe,false,8,35,,1,Box 2
Derek Jeter,Baseball,1998 Topps Chrome Derek Jeter,1998,Topps Chrome,160,,false,5,20,,1,Box 2
Derek Jeter,Baseball,1998 Topps Finest Interleague Matchups Derek Jeter,1998,Topps Finest,ILM6,Interleague Matchups,false,8,35,,1,Box 2
Derek Jeter,Baseball,1998 Pinnacle Field of Vision Artist's Proof Derek Jeter,1998,Pinnacle,PP88,Field of Vision,false,25,120,,1,Box 2
Derek Jeter,Baseball,1998 Pinnacle Field of Vision Derek Jeter,1998,Pinnacle,185,Field of Vision,false,5,20,,1,Box 2
Derek Jeter,Baseball,1998 Topps Stadium Club Derek Jeter,1998,Topps Stadium Club,241,,false,3,12,,1,Box 2
Derek Jeter,Baseball,1998 Fleer Tradition Diamond Standouts Derek Jeter,1998,Fleer Tradition,9,Diamond Standouts,false,6,25,,1,Box 2
Derek Jeter,Baseball,1998 Fleer Vintage '63 Derek Jeter,1998,Fleer,63,Vintage '63,false,5,20,,1,Box 2
Derek Jeter,Baseball,1998 Fleer Diamond Producers Derek Jeter,1998,Fleer,6,Diamond Producers,false,6,25,,1,Box 2
Tino Martinez / Andy Pettitte,Baseball,1998 Pinnacle Inside Martinez Pettitte,1998,Pinnacle,19,Inside,false,3,15,,1,Box 2
Derek Jeter,Baseball,1998 Topps Stadium Club Never Compromise Derek Jeter,1998,Topps Stadium Club,NC10,Never Compromise,false,8,35,,1,Box 2
Derek Jeter,Baseball,1998 Leaf 50th Anniversary Derek Jeter,1998,Leaf,164,50th Anniversary,false,4,18,,1,Box 2
Derek Jeter,Baseball,1998 Fleer Dugout Heroes Derek Jeter,1998,Fleer,4,Dugout Heroes,false,6,25,,1,Box 2
Derek Jeter,Baseball,1998 Upper Deck Sheer Dominance Derek Jeter,1998,Upper Deck,SD41,Sheer Dominance,false,8,35,,1,Box 2
Derek Jeter,Baseball,1998 Upper Deck UD3 The Establishment Derek Jeter,1998,Upper Deck,TE49,The Establishment,false,12,50,,1,Box 2
Derek Jeter,Baseball,1998 Pinnacle Inside Derek Jeter,1998,Pinnacle,2,Inside,false,4,18,,1,Box 2
Derek Jeter,Baseball,1998 Upper Deck Collector's Choice Derek Jeter,1998,Upper Deck,19,Collector's Choice,false,5,20,,1,Box 2
Derek Jeter,Baseball,1998 Upper Deck Star Focus Derek Jeter,1998,Upper Deck,159,Star Focus,false,15,60,0730/7000,1,Box 2
Derek Jeter,Baseball,1998 Donruss Preferred Field Box Derek Jeter,1998,Donruss,9,Field Box,false,8,35,,1,Box 2
Derek Jeter,Baseball,1998 Donruss Silver Press Proof Derek Jeter,1998,Donruss,100,Press Proof (Silver),false,8,35,,1,Box 2
Derek Jeter,Baseball,1998 Donruss Collections Derek Jeter,1998,Donruss,PC100,Holographic,false,12,50,,1,Box 2
Derek Jeter,Baseball,1998 Topps Chrome Mystery Finest Derek Jeter,1998,Topps Chrome,M18,Mystery Finest,false,10,45,,1,Box 2
Derek Jeter,Baseball,1998 Circa Thunder Derek Jeter,1998,Circa,2,,false,3,12,,1,Box 2
Derek Jeter,Baseball,1998 Upper Deck Stick-ums Derek Jeter,1998,Upper Deck,,Stick-ums,false,6,25,,1,Box 2
Derek Jeter / Nomar Garciaparra,Baseball,1998 Donruss Great Expectations Jeter Garciaparra,1998,Donruss,,Great Expectations,false,15,60,2487/3000,1,Box 2
Derek Jeter,Baseball,1998 Fleer Circa Boss Derek Jeter,1998,Fleer Circa,9,Boss,false,8,35,,2,Box 2
Derek Jeter,Baseball,1998 Pacific Invincible Derek Jeter,1998,Pacific,8A,,false,5,20,,1,Box 2
Derek Jeter,Baseball,1998 Donruss Preferred Title Waves Die-Cut Derek Jeter,1998,Donruss,,Title Waves,false,25,100,0036/1996,1,Box 2
Derek Jeter,Baseball,1998 Donruss Studio Freeze Frame Derek Jeter,1998,Donruss Studio,,Freeze Frame,false,12,50,3224/4500,1,Box 2
Derek Jeter,Baseball,1998 Topps Finest Mystery Finest Refractor Derek Jeter,1998,Topps Finest,M19,Mystery Finest,false,40,150,,1,Box 2
Derek Jeter,Baseball,1998 Pacific Invincible Derek Jeter #52,1998,Pacific,52,,false,5,20,,1,Box 2
Derek Jeter,Baseball,1998 Pacific Paramount Team Checklist Derek Jeter,1998,Pacific Paramount,9,Team Checklist,false,3,12,,1,Box 2
Derek Jeter,Baseball,1998 Donruss Studio Statistical Standouts Derek Jeter,1998,Donruss Studio,,Statistical Standouts,false,20,80,2393/2500,1,Box 2
Derek Jeter,Baseball,1998 Fleer Editor's Choice Derek Jeter,1998,Fleer,,Editor's Choice,false,8,30,,1,Box 2
Derek Jeter,Baseball,1998 Pinnacle Mint Collection Derek Jeter,1998,Pinnacle,9,Mint Collection,false,12,50,,1,Box 2
Derek Jeter,Baseball,1998 Fleer Derek Jeter,1998,Fleer,148,,false,2,10,,1,Box 2
Derek Jeter,Baseball,1998 Topps Gallery Derek Jeter,1998,Topps Gallery,115,,false,4,18,,1,Box 2
Derek Jeter,Baseball,1998 Pinnacle Inside Derek Jeter,1998,Pinnacle,133,Inside,false,4,18,,1,Box 2
Derek Jeter,Baseball,1998 Pacific Invincible Derek Jeter,1998,Pacific,73,,false,4,15,,1,Box 2
Derek Jeter,Baseball,1998 Topps Derek Jeter,1998,Topps,160,,false,2,10,,1,Box 2
Derek Jeter,Baseball,1998 Fleer Tradition Derek Jeter #2,1998,Fleer,2,,false,2,6,,1,Box 2
Derek Jeter,Baseball,1998 Fleer Ultra Derek Jeter #150,1998,Fleer,150,,false,2,8,,1,Box 2
Derek Jeter,Baseball,1998 Topps Gold Label Derek Jeter #7,1998,Topps,7,,false,4,12,,1,Box 2
Derek Jeter,Baseball,1998 Donruss MLB 99 PlayStation Derek Jeter,1998,Donruss,,MLB 99 PlayStation,false,3,10,,1,Box 2
Derek Jeter,Baseball,1998 Donruss Elite Craftsmen Derek Jeter 8 of 30,1998,Donruss,8 of 30,Elite Craftsmen,false,10,25,1958/3500,1,Box 2
Derek Jeter,Baseball,1998 Donruss Elite Generations Derek Jeter #125 Red,1998,Donruss,125,Elite Generations Red,false,15,40,1/750,1,Box 2
Derek Jeter,Baseball,1998 Pacific Collection Omega Derek Jeter #10,1998,Pacific,10,Omega,false,3,8,,1,Box 2
Derek Jeter,Baseball,1998 Pacific Collection Crown Royale Derek Jeter #94,1998,Pacific,94,Crown Royale,false,4,10,,1,Box 2
Derek Jeter,Baseball,1998 Pinnacle Derek Jeter PP57,1998,Pinnacle,PP57,,false,2,6,,1,Box 2
Derek Jeter,Baseball,1998 Donruss Gold Leaf Star Derek Jeter #164,1998,Donruss,164,Gold Leaf Star,false,4,10,,1,Box 2
Derek Jeter,Baseball,1998 Pacific Revolution Derek Jeter #6,1998,Pacific,6,,false,2,8,,1,Box 2
Derek Jeter,Baseball,1998 SkyBox Dugout Axcess Derek Jeter #73,1998,SkyBox,73,,false,2,6,,1,Box 2
Derek Jeter,Baseball,1998 Pacific Collection Aurora Derek Jeter #58,1998,Pacific,58,Aurora,false,3,8,,1,Box 2
Derek Jeter,Baseball,1998 Pacific Collection Omega Derek Jeter #165,1998,Pacific,165,Omega,false,3,8,,1,Box 2
Derek Jeter,Baseball,1998 Pacific Paramount Derek Jeter #69,1998,Pacific,69,,false,2,6,,2,Box 2
Derek Jeter,Baseball,1998 SkyBox 7th Inning Sketch Derek Jeter,1998,SkyBox,,7th Inning Sketch,false,3,8,,1,Box 2
Derek Jeter,Baseball,1998 Upper Deck SP Authentic Derek Jeter #145,1998,Upper Deck,145,,false,3,10,,1,Box 2
Derek Jeter,Baseball,1998 Fleer Ultra Pizzazz Derek Jeter #481,1998,Fleer,481,Pizzazz,false,3,8,,2,Box 2
Derek Jeter,Baseball,1998 Pacific Crown Royale Derek Jeter #15,1998,Pacific,15,,false,4,10,,1,Box 2
Derek Jeter,Baseball,1998 Upper Deck All-Star Derek Jeter AS11,1998,Upper Deck,AS11,All-Star,false,2,6,,1,Box 2
Derek Jeter,Baseball,1998 Pinnacle Performers Launching Pad Derek Jeter,1998,Pinnacle,,Launching Pad,false,3,8,,1,Box 2
Derek Jeter,Baseball,1998 Topps Chrome Baby Boomers Derek Jeter,1998,Topps,,Baby Boomers,false,5,15,,1,Box 2
Derek Jeter,Baseball,1998 Fleer Ultra Ticket Studs Derek Jeter,1998,Fleer,,Ticket Studs,false,3,8,,1,Box 2
Derek Jeter,Baseball,1998 Upper Deck Star Focus Derek Jeter #159,1998,Upper Deck,159,Star Focus,false,5,15,2286/3500,1,Box 2
Derek Jeter,Baseball,1998 Pacific Thunder Limited Access Derek Jeter 8 of 15,1998,Pacific,8 of 15,Limited Access,false,60,140,8/15,1,Box 2
Derek Jeter,Baseball,1998 Fleer Ultra Millennium Men Derek Jeter 4 of 15,1998,Fleer,4 of 15,Millennium Men,false,65,160,4/15,1,Box 2
Derek Jeter,Baseball,1998 Score Spring Training Derek Jeter RT262,1998,Score,RT262,Spring Training,false,2,6,,1,Box 2
Derek Jeter,Baseball,1998 Pinnacle Zenith Derek Jeter #17,1998,Pinnacle,17,,false,2,6,,1,Box 2
Derek Jeter,Baseball,1998 Upper Deck Youth Movement Derek Jeter #30,1998,Upper Deck,30,Youth Movement,false,4,12,2860/5000,1,Box 2
Derek Jeter,Baseball,1998 Topps Stars 'n Steel Derek Jeter #18,1998,Topps,18,Stars 'n Steel,false,3,8,,1,Box 2
Derek Jeter,Baseball,1998 Flair Showcase Grace Derek Jeter Row 1 Seat 14,1998,Fleer,14,Flair Showcase Grace Row 1,false,5,15,,1,Box 2
Derek Jeter,Baseball,1998 Stadium Club Triumvirate Derek Jeter T2A,1998,Topps,T2A,Triumvirate,false,3,8,,1,Box 2
Derek Jeter,Baseball,1998 Pinnacle Zenith Z-Team Derek Jeter 7 of 18,1998,Pinnacle,7 of 18,Z-Team,false,20,55,7/18,1,Box 2
Derek Jeter,Baseball,1998 Score Board Double Play Prepaid Phone Card Derek Jeter,1998,Score Board,,Double Play,false,2,8,,1,Box 2
Derek Jeter,Baseball,1998 Pinnacle Performers Far and Away Derek Jeter #146,1998,Pinnacle,146,Far and Away,false,3,8,,1,Box 2
Derek Jeter,Baseball,1998 Donruss Spirit of the Game Derek Jeter #404,1998,Donruss,404,Spirit of the Game,false,3,8,,1,Box 2
Derek Jeter,Baseball,1998 Upper Deck StarQuest Derek Jeter SQ6,1998,Upper Deck,SQ6,StarQuest,false,2,6,,1,Box 2
Derek Jeter,Baseball,1998 Pacific Collection Derek Jeter #151,1998,Pacific,151,,false,2,6,,1,Box 2
Derek Jeter,Baseball,1998 Fleer Sports Illustrated Derek Jeter #64,1998,Fleer,64,,false,2,6,,2,Box 2
Derek Jeter,Baseball,1998 Score RTPP Derek Jeter RTPP6,1998,Score,RTPP6,RTPP,false,2,6,,1,Box 2
Derek Jeter,Baseball,1998 Topps Tek Derek Jeter #14 Pattern 6,1998,Topps,14,Pattern 6,false,5,15,,1,Box 2
Derek Jeter,Baseball,1998 Topps Tek Derek Jeter #14 Pattern 86,1998,Topps,14,Pattern 86,false,8,25,,1,Box 2
Derek Jeter,Baseball,1998 Donruss Studio Derek Jeter #163,1998,Donruss,163,,false,2,6,,1,Box 2
Derek Jeter,Baseball,1998 Fleer Sports Illustrated Derek Jeter 2 of 10 C,1998,Fleer,2 of 10,C,false,2,5,2/10,1,Box 2
Derek Jeter,Baseball,1998 Donruss Hit List Derek Jeter,1998,Donruss,,Hit List,false,3,8,,1,Box 2
Derek Jeter,Baseball,1998 Pinnacle Performers Derek Jeter #9,1998,Pinnacle,9,,false,2,6,,1,Box 2
Derek Jeter,Baseball,1998 Upper Deck Blue Chip Prospects Derek Jeter BC15,1998,Upper Deck,BC15,Blue Chip Prospects,false,2,6,,1,Box 2
Derek Jeter,Baseball,1998 Fleer Ultra Derek Jeter 20 of 20 N,1998,Fleer,20 of 20,N,false,5,10,20/20,1,Box 2
Derek Jeter,Baseball,1998 Upper Deck Derek Jeter #450,1998,Upper Deck,450,,false,2,6,,1,Box 2
Derek Jeter,Baseball,1998 Upper Deck StarQuest Derek Jeter SQ6,1998,Upper Deck,SQ6,StarQuest,false,2,6,,2,Box 2
Derek Jeter,Baseball,1998 Fleer In the Clutch Derek Jeter 9 of 15 IC,1998,Fleer,9 of 15,In the Clutch,false,55,130,9/15,1,Box 2
Derek Jeter,Baseball,1998 Metal Universe Titanium Derek Jeter 9 of 15,1998,Fleer,9 of 15,Titanium,false,65,150,9/15,1,Box 2
Derek Jeter,Baseball,1998 Topps Mystery Finest Derek Jeter M8,1998,Topps,M8,Mystery Finest,false,3,8,,1,Box 2
Derek Jeter,Baseball,1998 Bowman 1994 Minor League MVP Derek Jeter MVP6,1998,Topps,MVP6,1994 Minor League MVP,false,2,6,,1,Box 2
Derek Jeter,Baseball,1998 Pacific Paramount Derek Jeter #11,1998,Pacific,11,,false,2,6,,1,Box 2
Derek Jeter,Baseball,1998 Fleer Unforgettable Moments Derek Jeter #586,1998,Fleer,586,Unforgettable Moments,false,3,8,,2,Box 2
Derek Jeter,Baseball,1998 Topps Stars Derek Jeter #33,1998,Topps,33,,false,3,8,4375/9799,1,Box 2
Derek Jeter,Baseball,1998 Topps Gallery Player's Private Issue Derek Jeter PP4,1998,Topps,PP4,Player's Private Issue,false,3,8,,1,Box 2
Derek Jeter,Baseball,1998 Pinnacle Win Now Derek Jeter 6 of 20 WN,1998,Pinnacle,6 of 20,Win Now,false,30,90,6/20,1,Box 2
Derek Jeter,Baseball,1998 Upper Deck Wonder Years Derek Jeter,1998,Upper Deck,,Wonder Years,false,3,8,,1,Box 2
Derek Jeter,Baseball,1998 Upper Deck Time Capsule Derek Jeter TC13,1998,Upper Deck,TC13,Top Corner,false,2,6,,1,Box 2
Derek Jeter,Baseball,1998 Topps Derek Jeter #230,1998,Topps,230,,false,2,6,,1,Box 2
Derek Jeter,Baseball,1998 Upper Deck Derek Jeter #154,1998,Upper Deck,154,,false,2,6,,1,Box 2
Derek Jeter,Baseball,1998 Fleer Sports Illustrated Derek Jeter #65,1998,Fleer,65,,false,2,6,,1,Box 2
Derek Jeter,Baseball,1998 Bowman Derek Jeter #224,1998,Topps,224,,false,2,6,,1,Box 2
Derek Jeter,Baseball,1998 Pacific Revolution Derek Jeter #99,1998,Pacific,99,,false,2,8,,1,Box 2
Derek Jeter,Baseball,1998 Pacific Aurora Derek Jeter #11,1998,Pacific,11,,false,2,6,,1,Box 2
Derek Jeter,Baseball,1998 Topps New Breed Derek Jeter NB9,1998,Topps,NB9,New Breed,false,3,8,,2,Box 2
Derek Jeter,Baseball,1999 Topps Player's Private Issue Derek Jeter PP3,1999,Topps,PP3,Player's Private Issue,false,3,8,,1,Box 2
Derek Jeter,Baseball,1998 Upper Deck Eminent Derek Jeter #618,1998,Upper Deck,618,Eminent,false,3,8,,1,Box 2
Derek Jeter,Baseball,1998 Upper Deck Decade Dominators 1999 Derek Jeter X25,1998,Upper Deck,X25,Decade Dominators 1999,false,5,12,,1,Box 2
Derek Jeter,Baseball,1998 Upper Deck 10th Anniversary Preview Derek Jeter 41 of 60,1998,Upper Deck,41 of 60,10th Anniversary Preview,false,30,90,41/60,1,Box 2
Derek Jeter,Baseball,1998 Topps Stars 'n Steel Derek Jeter #34,1998,Topps,34,Stars 'n Steel,false,3,8,,1,Box 2
Derek Jeter,Baseball,1998 Fleer SkyBox Dugout Axcess Derek Jeter 4 of 20,1998,Fleer/SkyBox,4 of 20,Dugout Axcess,false,15,60,4/20,1,Box 2
Derek Jeter,Baseball,1998 Topps 85 Derek Jeter,1998,Topps,85,,false,2,8,,1,Box 2
Derek Jeter,Baseball,1998 Bowman Chrome Derek Jeter 224,1998,Bowman,224,Bowman Chrome,false,5,15,,1,Box 2
Derek Jeter,Baseball,1998 Fleer Thunder Derek Jeter 2,1998,Fleer,2,Fleer Thunder,false,2,6,,2,Box 2
Derek Jeter,Baseball,1998 Fleer SkyBox Thunder eX Acetate Derek Jeter,1998,Fleer/SkyBox,,Fleer Thunder,false,12,30,,1,Box 2
Derek Jeter,Baseball,1998 Topps Pre-Production Derek Jeter P10,1998,Topps,P10,Pre-Production,false,3,12,,1,Box 2
Derek Jeter / Mike Piazza,Baseball,1998 Topps Finest Mystery Finest Jeter Piazza M14,1998,Topps,M14,Mystery Finest,false,6,18,,1,Box 2
Derek Jeter,Baseball,1998 Pinnacle Derek Jeter 24 of 30,1998,Pinnacle,24 of 30,,false,3,10,,1,Box 2
Derek Jeter,Baseball,1998 Score Star Gazing Derek Jeter 8 of 20,1998,Score,8 of 20,Star Gazing,false,2,8,,1,Box 2
Derek Jeter,Baseball,1998 Bowman's Best Derek Jeter 77,1998,Bowman,77,Bowman's Best,false,3,10,,1,Box 2
Derek Jeter,Baseball,1998 Pacific Aurora Red Derek Jeter 2,1998,Pacific,2,Pacific Aurora Red,false,4,14,,1,Box 2
Derek Jeter,Baseball,1998 Pacific Aurora Gold Derek Jeter 2,1998,Pacific,2,Pacific Aurora Gold,false,7,22,,1,Box 2